{
  "train": {
    "accuracy": 0.9479217551982669,
    "precision": 0.9907520502530099,
    "recall": 0.9284756516335808,
    "f1": 0.9586034575904916,
    "confusion_matrix": [
      [
        16241,
        265
      ],
      [
        2187,
        28390
      ]
    ],
    "classification_report": "              precision    recall  f1-score   support\n\n         0.0       0.88      0.98      0.93     16506\n         1.0       0.99      0.93      0.96     30577\n\n    accuracy                           0.95     47083\n   macro avg       0.94      0.96      0.94     47083\nweighted avg       0.95      0.95      0.95     47083\n",
    "roc_auc": 0.994167884103117
  },
  "val": {
    "accuracy": 0.9419169392407573,
    "precision": 0.9877442861874793,
    "recall": 0.9209388511426807,
    "f1": 0.9531724468595173,
    "confusion_matrix": [
      [
        3539,
        74
      ],
      [
        512,
        5964
      ]
    ],
    "classification_report": "              precision    recall  f1-score   support\n\n         0.0       0.87      0.98      0.92      3613\n         1.0       0.99      0.92      0.95      6476\n\n    accuracy                           0.94     10089\n   macro avg       0.93      0.95      0.94     10089\nweighted avg       0.95      0.94      0.94     10089\n",
    "roc_auc": 0.9930837479166835
  },
  "test": {
    "accuracy": 0.942418235877106,
    "precision": 0.9882602315343225,
    "recall": 0.9225266362252663,
    "f1": 0.9542627725734079,
    "confusion_matrix": [
      [
        3448,
        72
      ],
      [
        509,
        6061
      ]
    ],
    "classification_report": "              precision    recall  f1-score   support\n\n         0.0       0.87      0.98      0.92      3520\n         1.0       0.99      0.92      0.95      6570\n\n    accuracy                           0.94     10090\n   macro avg       0.93      0.95      0.94     10090\nweighted avg       0.95      0.94      0.94     10090\n",
    "roc_auc": 0.9928284125501592
  }
}