{
  "best_threshold": 0.1,
  "train": {
    "threshold": 0.1,
    "accuracy": 0.17133342835300672,
    "precision": 0.0274339243894279,
    "recall": 1.0,
    "f1": 0.053402800390752195,
    "confusion_matrix": [
      [
        11419,
        63954
      ],
      [
        0,
        1804
      ]
    ],
    "classification_report": "              precision    recall  f1-score   support\n\n         0.0       1.00      0.15      0.26     75373\n         1.0       0.03      1.00      0.05      1804\n\n    accuracy                           0.17     77177\n   macro avg       0.51      0.58      0.16     77177\nweighted avg       0.98      0.17      0.26     77177\n",
    "positive_rate_actual": 0.02337483875453472,
    "positive_rate_predicted": 0.8520414113012944,
    "roc_auc": 0.5081410785908709,
    "time_to_stall_mae_s": 1.1281495640124555,
    "time_to_stall_samples": 1804
  },
  "val": {
    "threshold": 0.1,
    "accuracy": 0.022905027932960894,
    "precision": 0.022905027932960894,
    "recall": 1.0,
    "f1": 0.04478427089022392,
    "confusion_matrix": [
      [
        0,
        19239
      ],
      [
        0,
        451
      ]
    ],
    "classification_report": "              precision    recall  f1-score   support\n\n         0.0       0.00      0.00      0.00     19239\n         1.0       0.02      1.00      0.04       451\n\n    accuracy                           0.02     19690\n   macro avg       0.01      0.50      0.02     19690\nweighted avg       0.00      0.02      0.00     19690\n",
    "positive_rate_actual": 0.022905027493834496,
    "positive_rate_predicted": 1.0,
    "roc_auc": 0.7352546546885028,
    "time_to_stall_mae_s": 1.1280445989113954,
    "time_to_stall_samples": 451
  },
  "test": {
    "threshold": 0.1,
    "accuracy": 0.06364662715213096,
    "precision": 0.06364662715213096,
    "recall": 1.0,
    "f1": 0.11967626376542391,
    "confusion_matrix": [
      [
        0,
        6635
      ],
      [
        0,
        451
      ]
    ],
    "classification_report": "              precision    recall  f1-score   support\n\n         0.0       0.00      0.00      0.00      6635\n         1.0       0.06      1.00      0.12       451\n\n    accuracy                           0.06      7086\n   macro avg       0.03      0.50      0.06      7086\nweighted avg       0.00      0.06      0.01      7086\n",
    "positive_rate_actual": 0.06364662945270538,
    "positive_rate_predicted": 1.0,
    "roc_auc": 0.05662907680662751,
    "time_to_stall_mae_s": 1.1281073304872027,
    "time_to_stall_samples": 451
  }
}