{
  "best_threshold": 0.4,
  "train": {
    "threshold": 0.4,
    "accuracy": 0.6253953908721193,
    "precision": 0.505664877757901,
    "recall": 1.0,
    "f1": 0.6716831683168317,
    "confusion_matrix": [
      [
        536,
        829
      ],
      [
        0,
        848
      ]
    ],
    "classification_report": "              precision    recall  f1-score   support\n\n         0.0       1.00      0.39      0.56      1365\n         1.0       0.51      1.00      0.67       848\n\n    accuracy                           0.63      2213\n   macro avg       0.75      0.70      0.62      2213\nweighted avg       0.81      0.63      0.61      2213\n",
    "positive_rate_actual": 0.38319024443626404,
    "positive_rate_predicted": 0.7577948486217804,
    "roc_auc": 0.7615384615384616,
    "time_to_stall_mae_s": 0.8718198882679472,
    "time_to_stall_samples": 848
  },
  "val": {
    "threshold": 0.4,
    "accuracy": 0.5928270042194093,
    "precision": 0.45938375350140054,
    "recall": 1.0,
    "f1": 0.6295585412667947,
    "confusion_matrix": [
      [
        117,
        193
      ],
      [
        0,
        164
      ]
    ],
    "classification_report": "              precision    recall  f1-score   support\n\n         0.0       1.00      0.38      0.55       310\n         1.0       0.46      1.00      0.63       164\n\n    accuracy                           0.59       474\n   macro avg       0.73      0.69      0.59       474\nweighted avg       0.81      0.59      0.58       474\n",
    "positive_rate_actual": 0.3459915518760681,
    "positive_rate_predicted": 0.7531645569620253,
    "roc_auc": 0.7512981904012588,
    "time_to_stall_mae_s": 1.0399634530313495,
    "time_to_stall_samples": 164
  },
  "test": {
    "threshold": 0.4,
    "accuracy": 0.6421052631578947,
    "precision": 0.5238095238095238,
    "recall": 1.0,
    "f1": 0.6875,
    "confusion_matrix": [
      [
        118,
        170
      ],
      [
        0,
        187
      ]
    ],
    "classification_report": "              precision    recall  f1-score   support\n\n         0.0       1.00      0.41      0.58       288\n         1.0       0.52      1.00      0.69       187\n\n    accuracy                           0.64       475\n   macro avg       0.76      0.70      0.63       475\nweighted avg       0.81      0.64      0.62       475\n",
    "positive_rate_actual": 0.3936842083930969,
    "positive_rate_predicted": 0.751578947368421,
    "roc_auc": 0.7751596850861557,
    "time_to_stall_mae_s": 0.987716385626538,
    "time_to_stall_samples": 187
  }
}